id,username,email,created_at
1,cobaltvalley53,cobaltvalley53@seeded.app,2024-11-22 13:03:04
2,jadeisland60,jadeisland60@example.com,2024-06-29 13:36:29
3,silvernetwork59,silvernetwork59@seeded.app,2024-02-05 07:27:52
4,amberwindow43,amberwindow43@example.com,2024-02-15 14:07:55
5,harborcanyon56,harborcanyon56@seeded.app,2024-01-11 20:10:31
6,clearwindow08,clearwindow08@opswise.net,2024-03-03 22:13:43
7,foresttrail48,foresttrail48@hackstack.io,2024-10-06 11:28:50
8,amberbeacon45,amberbeacon45@opswise.net,2025-05-18 19:03:49
9,emberkernel44,emberkernel44@acme.dev,2024-04-13 08:42:57
10,proudvalley95,proudvalley95@acme.dev,2025-03-15 04:40:04
11,warmsignal00,warmsignal00@relay.cloud,2025-12-25 05:24:25
12,harbortrail70,harbortrail70@seeded.app,2025-01-08 18:59:24
13,tidypioneer04,tidypioneer04@seeded.app,2024-01-07 07:48:41
14,livelyriver66,livelyriver66@relay.cloud,2025-01-16 23:05:14
15,opalanchor81,opalanchor81@acme.dev,2025-08-18 17:37:42
16,silverpioneer76,silverpioneer76@opswise.net,2024-04-02 18:57:19
17,keenorbit55,keenorbit55@opswise.net,2025-10-20 03:19:09
18,warmisland39,warmisland39@example.com,2024-01-31 18:40:37
19,navyengine18,navyengine18@seeded.app,2025-09-24 08:12:27
20,navymeadow18,navymeadow18@hackstack.io,2025-10-04 17:28:17
21,jaderiver73,jaderiver73@hackstack.io,2025-08-12 09:21:43
22,quietzenith50,quietzenith50@acme.dev,2025-12-28 13:43:23
23,forestpioneer85,forestpioneer85@relay.cloud,2025-01-20 05:34:17
24,calmuplink02,calmuplink02@seeded.app,2024-02-14 17:31:19
25,warmharvest09,warmharvest09@hackstack.io,2026-01-08 17:43:06
26,opalcanyon93,opalcanyon93@hackstack.io,2025-07-28 17:52:55
27,rapidcanyon02,rapidcanyon02@hackstack.io,2025-01-04 17:04:35
28,tidygarden81,tidygarden81@hackstack.io,2024-03-08 02:03:35
29,jadesignal02,jadesignal02@relay.cloud,2024-01-21 01:13:51
30,urbankernel03,urbankernel03@seeded.app,2025-06-25 02:18:42
31,jadeyard54,jadeyard54@relay.cloud,2024-11-09 00:41:14
32,quietwindow18,quietwindow18@acme.dev,2024-06-26 15:33:24
33,forestvalley83,forestvalley83@seeded.app,2025-11-22 04:32:36
34,livelykernel36,livelykernel36@hackstack.io,2025-07-31 01:52:31
35,proudvalley03,proudvalley03@relay.cloud,2025-06-16 05:44:43
36,amberkernel58,amberkernel58@example.com,2025-05-05 23:24:58
37,quietyard87,quietyard87@seeded.app,2025-03-10 10:48:36
38,ivoryvalley28,ivoryvalley28@seeded.app,2025-07-14 13:42:40
39,navyriver63,navyriver63@hackstack.io,2024-11-17 07:41:05
40,tidysignal61,tidysignal61@example.com,2025-02-07 18:05:57
41,navyharvest82,navyharvest82@relay.cloud,2025-08-25 03:58:05
42,dawnisland51,dawnisland51@example.com,2024-02-19 13:11:14
43,amberanchor47,amberanchor47@seeded.app,2024-08-01 06:18:13
44,ivoryquartz48,ivoryquartz48@acme.dev,2024-05-24 02:28:19
45,jadecanyon94,jadecanyon94@example.com,2025-06-30 11:53:30
46,goldcanyon92,goldcanyon92@hackstack.io,2024-10-13 05:56:20
47,urbanbeacon08,urbanbeacon08@seeded.app,2024-08-02 08:02:36
48,rapidlagoon10,rapidlagoon10@acme.dev,2025-05-28 22:07:40
49,goldjourney56,goldjourney56@relay.cloud,2025-10-06 15:38:50
50,cobaltgarden90,cobaltgarden90@hackstack.io,2024-02-21 04:09:06
51,cobalttrail28,cobalttrail28@relay.cloud,2025-06-15 17:27:03
52,ivoryquartz57,ivoryquartz57@relay.cloud,2024-05-01 02:00:52
53,harboruplink37,harboruplink37@opswise.net,2025-08-29 17:45:51
54,calmsignal23,calmsignal23@opswise.net,2024-02-24 14:37:48
55,proudfield22,proudfield22@acme.dev,2025-05-06 07:37:48
56,silvercanyon75,silvercanyon75@hackstack.io,2025-11-27 23:15:14
57,mellowanchor67,mellowanchor67@opswise.net,2024-07-04 00:01:09
58,rapidzenith65,rapidzenith65@seeded.app,2025-05-26 02:48:37
59,tidykernel71,tidykernel71@seeded.app,2024-05-12 16:58:57
60,calmwindow30,calmwindow30@hackstack.io,2025-11-04 19:08:19
61,urbanriver64,urbanriver64@example.com,2025-12-19 14:55:02
62,calmlagoon02,calmlagoon02@example.com,2025-03-15 17:13:36
63,amberwindow69,amberwindow69@relay.cloud,2025-06-07 10:33:22
64,urbanbeacon48,urbanbeacon48@seeded.app,2025-11-11 02:53:53
65,forestharvest29,forestharvest29@opswise.net,2025-07-24 19:02:43
66,silveranchor54,silveranchor54@acme.dev,2025-06-10 01:47:27
67,proudzenith99,proudzenith99@acme.dev,2025-09-03 05:53:32
68,opalmeadow34,opalmeadow34@opswise.net,2025-06-09 16:38:20
69,youngorbit99,youngorbit99@opswise.net,2025-07-05 08:42:25
70,cobaltgarden94,cobaltgarden94@opswise.net,2024-01-06 06:47:42
71,rapidtrail95,rapidtrail95@example.com,2024-08-15 19:45:50
72,embernetwork91,embernetwork91@opswise.net,2024-04-11 18:03:37
73,youngcanyon12,youngcanyon12@opswise.net,2024-10-19 21:50:25
74,clearfield61,clearfield61@seeded.app,2025-01-30 23:05:16
75,briskgarden04,briskgarden04@opswise.net,2025-11-27 00:15:20
76,emberanchor31,emberanchor31@acme.dev,2024-10-19 12:23:00
77,younggarden37,younggarden37@acme.dev,2025-08-29 18:36:02
78,vividwindow54,vividwindow54@opswise.net,2024-07-09 17:45:04
79,harborkernel71,harborkernel71@example.com,2025-05-30 17:03:06
80,forestmeadow08,forestmeadow08@example.com,2024-05-04 06:10:28
81,vividkernel47,vividkernel47@example.com,2026-01-05 16:56:13
82,keengarden96,keengarden96@example.com,2025-04-23 12:47:37
83,opalkernel17,opalkernel17@acme.dev,2024-10-07 23:44:37
84,emberwindow22,emberwindow22@acme.dev,2025-06-14 09:00:43
85,cobaltanchor95,cobaltanchor95@example.com,2024-12-03 11:24:42
86,urbangarden86,urbangarden86@acme.dev,2024-06-02 14:24:48
87,vividtrail94,vividtrail94@example.com,2024-05-14 09:35:19
88,melloworbit34,melloworbit34@example.com,2025-03-15 01:39:06
89,briskjourney85,briskjourney85@example.com,2025-06-24 00:50:51
90,keenriver86,keenriver86@seeded.app,2025-12-05 11:10:13
91,opalmeadow37,opalmeadow37@seeded.app,2025-10-20 16:40:01
92,forestkernel56,forestkernel56@example.com,2024-07-23 21:38:48
93,rapidpioneer40,rapidpioneer40@acme.dev,2024-04-16 20:27:35
94,proudgarden43,proudgarden43@opswise.net,2024-04-13 00:07:44
95,jadetrail57,jadetrail57@example.com,2025-03-27 16:18:04
96,keensignal85,keensignal85@seeded.app,2024-09-05 19:29:55
97,embersignal94,embersignal94@seeded.app,2024-05-06 08:15:50
98,keenvalley68,keenvalley68@hackstack.io,2025-02-10 13:19:55
99,goldkernel16,goldkernel16@seeded.app,2024-11-10 09:27:17
100,embertrail52,embertrail52@example.com,2025-01-27 18:05:28
101,warmcanyon50,warmcanyon50@opswise.net,2025-08-18 03:01:14
102,jadeanchor87,jadeanchor87@seeded.app,2025-05-27 19:21:20
103,vividwindow64,vividwindow64@example.com,2025-01-07 06:32:23
104,mellownetwork30,mellownetwork30@seeded.app,2025-07-30 20:28:11
105,youngriver60,youngriver60@seeded.app,2024-02-15 13:53:23
106,quietbeacon97,quietbeacon97@acme.dev,2024-10-12 13:24:04
107,tidyfield05,tidyfield05@example.com,2024-10-18 07:15:55
108,silverdelta61,silverdelta61@seeded.app,2025-05-19 08:00:51
109,dawnvalley72,dawnvalley72@relay.cloud,2024-11-28 11:41:35
110,rapidgarden05,rapidgarden05@acme.dev,2024-01-03 13:02:07
111,vividisland82,vividisland82@opswise.net,2025-08-28 19:52:44
112,opalwindow39,opalwindow39@hackstack.io,2025-11-19 10:18:55
113,calmpioneer84,calmpioneer84@example.com,2024-11-06 07:02:38
114,goldfield36,goldfield36@seeded.app,2025-10-12 15:32:07
115,dawnuplink17,dawnuplink17@opswise.net,2025-07-21 00:33:42
116,vividharvest79,vividharvest79@hackstack.io,2024-08-11 19:15:20
117,navyuplink43,navyuplink43@example.com,2025-03-21 18:29:05
118,keencanyon78,keencanyon78@relay.cloud,2025-09-09 12:14:21
119,quiettrail66,quiettrail66@example.com,2026-01-18 23:00:15
120,jadedelta40,jadedelta40@opswise.net,2025-10-26 14:13:29
121,ivoryfield59,ivoryfield59@example.com,2024-05-03 19:13:46
122,opalwindow14,opalwindow14@opswise.net,2026-01-22 10:32:46
123,calmtrail40,calmtrail40@opswise.net,2024-08-16 12:44:23
124,youngnetwork40,youngnetwork40@seeded.app,2024-03-01 00:21:50
125,harborjourney85,harborjourney85@hackstack.io,2024-11-25 06:13:25
126,urbancanyon60,urbancanyon60@relay.cloud,2025-10-23 08:19:08
127,forestwindow28,forestwindow28@relay.cloud,2025-12-19 00:46:53
128,clearjourney84,clearjourney84@relay.cloud,2025-07-15 04:04:30
129,forestuplink51,forestuplink51@acme.dev,2024-12-13 02:55:47
130,harbororbit61,harbororbit61@relay.cloud,2024-10-13 15:07:26
131,calmsignal93,calmsignal93@opswise.net,2024-10-20 09:58:15
132,rapidquartz00,rapidquartz00@acme.dev,2024-12-05 23:32:57
133,rapidzenith31,rapidzenith31@acme.dev,2024-11-18 19:44:32
134,cobaltfield34,cobaltfield34@seeded.app,2024-10-13 16:49:40
135,cobaltbeacon98,cobaltbeacon98@acme.dev,2024-11-29 17:24:13
136,forestfield40,forestfield40@example.com,2024-06-01 09:43:12
137,harborriver88,harborriver88@seeded.app,2025-01-30 01:37:23
138,navyengine87,navyengine87@hackstack.io,2025-09-07 17:31:06
139,silverlagoon69,silverlagoon69@opswise.net,2024-03-17 07:17:47
140,calmriver42,calmriver42@relay.cloud,2025-11-26 14:56:10
141,youngvalley54,youngvalley54@hackstack.io,2025-02-18 13:23:50
142,jadecanyon88,jadecanyon88@opswise.net,2024-01-03 12:21:27
143,vividtrail08,vividtrail08@acme.dev,2025-12-16 02:38:49
144,youngkernel05,youngkernel05@relay.cloud,2024-07-11 08:35:42
145,forestgarden15,forestgarden15@opswise.net,2025-09-10 00:37:07
146,silverisland27,silverisland27@relay.cloud,2024-10-16 13:08:14
147,calmzenith97,calmzenith97@relay.cloud,2024-11-25 22:32:14
148,urbankernel98,urbankernel98@hackstack.io,2025-11-11 17:05:29
149,proudquartz27,proudquartz27@seeded.app,2025-01-10 03:18:20
150,goldpioneer54,goldpioneer54@hackstack.io,2025-12-21 14:07:26
151,rapidnetwork75,rapidnetwork75@relay.cloud,2024-06-20 01:31:47
152,silverjourney04,silverjourney04@hackstack.io,2025-09-07 21:46:01
153,silverjourney48,silverjourney48@hackstack.io,2025-10-14 15:36:56
154,goldbeacon23,goldbeacon23@relay.cloud,2024-04-17 12:52:50
155,mellowcanyon93,mellowcanyon93@relay.cloud,2024-08-11 00:55:59
156,silverriver71,silverriver71@seeded.app,2024-07-05 09:57:18
157,dawnanchor75,dawnanchor75@example.com,2024-01-05 13:45:35
158,ivoryharvest42,ivoryharvest42@hackstack.io,2025-02-17 07:31:31
159,briskkernel41,briskkernel41@example.com,2025-01-08 16:05:44
160,ivoryzenith93,ivoryzenith93@acme.dev,2025-03-05 11:09:21
161,youngwindow21,youngwindow21@opswise.net,2024-11-22 15:30:17
162,ivorymeadow37,ivorymeadow37@opswise.net,2025-05-30 19:44:13
163,silverkernel22,silverkernel22@hackstack.io,2025-12-22 21:08:33
164,ivorybeacon64,ivorybeacon64@opswise.net,2024-06-21 08:19:06
165,amberwindow43,amberwindow43@seeded.app,2024-01-17 08:31:15
166,urbanlagoon24,urbanlagoon24@opswise.net,2025-12-04 21:13:31
167,proudanchor76,proudanchor76@hackstack.io,2025-02-23 23:40:49
168,dawnkernel70,dawnkernel70@relay.cloud,2024-11-18 10:58:35
169,ambervalley11,ambervalley11@example.com,2025-02-06 12:34:20
170,livelyorbit62,livelyorbit62@seeded.app,2025-03-28 12:32:56
171,jadejourney67,jadejourney67@example.com,2024-06-30 06:40:05
172,quietwindow93,quietwindow93@relay.cloud,2025-06-19 16:56:19
173,urbanbeacon74,urbanbeacon74@seeded.app,2025-05-21 17:53:02
174,ivoryvalley28,ivoryvalley28@hackstack.io,2024-05-09 01:24:48
175,jadetrail76,jadetrail76@seeded.app,2025-01-04 23:39:09
176,keencanyon64,keencanyon64@example.com,2024-06-04 13:27:56
177,silverjourney92,silverjourney92@example.com,2025-07-21 20:08:19
178,urbannetwork97,urbannetwork97@acme.dev,2024-02-16 07:52:33
179,keenorbit76,keenorbit76@relay.cloud,2025-06-10 09:58:10
180,quietriver20,quietriver20@seeded.app,2024-11-20 07:28:14
181,dawngarden07,dawngarden07@seeded.app,2025-01-15 21:33:11
182,rapidorbit47,rapidorbit47@hackstack.io,2025-05-11 12:57:26
183,opalmeadow88,opalmeadow88@hackstack.io,2025-03-07 06:29:54
184,harborgarden27,harborgarden27@relay.cloud,2024-04-24 07:48:51
185,emberquartz35,emberquartz35@example.com,2025-01-03 05:29:40
186,quietharvest69,quietharvest69@acme.dev,2024-03-25 10:26:47
187,harborcanyon82,harborcanyon82@opswise.net,2024-07-11 19:27:45
188,livelykernel80,livelykernel80@acme.dev,2024-08-10 18:59:22
189,opalvalley27,opalvalley27@example.com,2025-01-29 20:58:56
190,vividjourney61,vividjourney61@example.com,2025-11-22 19:33:07
191,briskquartz99,briskquartz99@seeded.app,2024-05-01 01:41:44
192,briskfield00,briskfield00@relay.cloud,2024-01-03 11:20:27
193,ivorylagoon42,ivorylagoon42@acme.dev,2025-08-23 21:51:23
194,livelyriver34,livelyriver34@example.com,2025-12-03 09:19:02
195,jadewindow21,jadewindow21@relay.cloud,2025-10-21 18:55:42
196,forestkernel32,forestkernel32@example.com,2025-08-05 09:58:18
197,tidydelta33,tidydelta33@opswise.net,2025-11-24 07:05:39
198,vividharvest93,vividharvest93@example.com,2024-08-14 02:14:55
199,opalquartz05,opalquartz05@example.com,2026-01-08 06:29:15
200,vividuplink19,vividuplink19@opswise.net,2025-12-21 11:48:58
201,urbanfield59,urbanfield59@relay.cloud,2025-01-30 20:13:09
202,cobaltorbit64,cobaltorbit64@opswise.net,2024-05-04 09:33:56
203,forestjourney65,forestjourney65@opswise.net,2025-02-12 20:53:15
204,silveruplink68,silveruplink68@hackstack.io,2025-03-07 10:29:02
205,urbanuplink40,urbanuplink40@hackstack.io,2024-12-12 15:06:06
206,younggarden74,younggarden74@opswise.net,2024-05-12 21:42:36
207,navyuplink55,navyuplink55@hackstack.io,2025-03-11 12:08:11
208,embermeadow08,embermeadow08@acme.dev,2024-02-29 20:27:34
209,youngriver58,youngriver58@example.com,2025-08-07 17:41:53
210,navyjourney83,navyjourney83@example.com,2025-11-29 15:46:33
211,keenbeacon27,keenbeacon27@hackstack.io,2024-10-11 15:37:54
212,forestpioneer08,forestpioneer08@acme.dev,2024-01-10 20:47:22
213,harborisland04,harborisland04@acme.dev,2024-01-13 07:03:42
214,amberzenith22,amberzenith22@opswise.net,2024-08-20 00:28:16
215,quietgarden20,quietgarden20@opswise.net,2024-06-20 08:38:57
216,proudgarden40,proudgarden40@seeded.app,2025-09-11 12:46:16
217,urbanharvest38,urbanharvest38@opswise.net,2025-09-23 22:48:11
218,clearwindow83,clearwindow83@acme.dev,2025-10-10 12:07:42
219,forestmeadow02,forestmeadow02@acme.dev,2024-07-18 13:06:09
220,navyuplink58,navyuplink58@seeded.app,2025-03-11 11:16:07
221,forestanchor43,forestanchor43@opswise.net,2025-11-24 23:37:15
222,jadefield73,jadefield73@relay.cloud,2024-11-14 12:51:36
223,youngengine78,youngengine78@seeded.app,2024-03-28 03:10:11
224,harborpioneer70,harborpioneer70@seeded.app,2025-07-22 04:08:40
225,livelynetwork49,livelynetwork49@opswise.net,2025-03-21 23:34:47
226,livelykernel80,livelykernel80@acme.dev,2025-03-09 13:42:16
227,silverkernel80,silverkernel80@seeded.app,2024-07-17 16:47:21
228,livelyisland44,livelyisland44@acme.dev,2024-06-21 02:16:41
229,calmorbit75,calmorbit75@opswise.net,2024-07-01 12:40:38
230,vividwindow66,vividwindow66@relay.cloud,2024-11-01 15:09:07
231,emberpioneer09,emberpioneer09@relay.cloud,2025-04-10 19:13:05
232,youngyard86,youngyard86@acme.dev,2024-11-27 06:35:09
233,mellowwindow62,mellowwindow62@hackstack.io,2024-03-18 12:05:41
234,jadeisland17,jadeisland17@acme.dev,2025-05-20 03:58:57
235,vividjourney62,vividjourney62@seeded.app,2024-12-22 03:12:36
236,goldsignal07,goldsignal07@acme.dev,2025-01-03 16:46:03
237,embercanyon03,embercanyon03@seeded.app,2024-03-06 01:08:33
238,youngorbit18,youngorbit18@example.com,2025-04-27 21:47:33
239,rapidtrail25,rapidtrail25@hackstack.io,2024-07-08 08:22:25
240,urbanorbit70,urbanorbit70@opswise.net,2024-06-13 07:32:41
241,clearzenith90,clearzenith90@acme.dev,2024-06-23 04:42:15
242,urbanyard83,urbanyard83@opswise.net,2025-07-27 05:28:27
243,quietnetwork09,quietnetwork09@example.com,2024-02-06 10:10:53
244,quietengine56,quietengine56@opswise.net,2025-01-17 19:52:29
245,keennetwork82,keennetwork82@seeded.app,2025-08-16 09:31:38
246,proudquartz50,proudquartz50@acme.dev,2024-03-25 19:29:01
247,vividfield18,vividfield18@seeded.app,2026-01-28 05:13:10
248,ivoryriver60,ivoryriver60@example.com,2025-04-08 10:38:29
249,urbanriver09,urbanriver09@opswise.net,2025-12-08 19:41:56
250,quietquartz00,quietquartz00@opswise.net,2025-10-12 23:36:26
251,proudwindow25,proudwindow25@example.com,2024-07-15 18:26:45
252,livelymeadow97,livelymeadow97@opswise.net,2025-03-20 23:23:49
253,mellowpioneer10,mellowpioneer10@opswise.net,2025-03-23 13:31:42
254,tidyjourney93,tidyjourney93@seeded.app,2025-09-19 14:24:34
255,ambermeadow10,ambermeadow10@example.com,2025-10-18 05:47:15
256,emberzenith67,emberzenith67@example.com,2024-04-09 18:56:57
257,tidyanchor15,tidyanchor15@relay.cloud,2025-06-04 12:11:27
258,urbanpioneer18,urbanpioneer18@seeded.app,2025-11-18 10:12:44
259,prouduplink31,prouduplink31@example.com,2024-12-01 04:14:15
260,quietcanyon16,quietcanyon16@example.com,2025-01-29 02:29:09
261,keenriver50,keenriver50@relay.cloud,2024-05-26 09:45:40
262,emberisland60,emberisland60@relay.cloud,2024-08-22 22:40:43
263,calmtrail42,calmtrail42@opswise.net,2025-09-28 10:44:01
264,proudanchor69,proudanchor69@acme.dev,2024-02-27 20:04:07
265,proudengine05,proudengine05@example.com,2025-01-04 16:13:55
266,harborisland25,harborisland25@seeded.app,2024-02-06 09:05:30
267,livelyriver32,livelyriver32@acme.dev,2025-08-26 12:40:45
268,urbanquartz12,urbanquartz12@hackstack.io,2025-01-08 17:42:29
269,mellowgarden23,mellowgarden23@example.com,2024-06-12 17:03:21
270,emberzenith43,emberzenith43@acme.dev,2024-10-14 02:33:42
271,goldriver27,goldriver27@hackstack.io,2025-03-22 11:19:54
272,ivoryfield20,ivoryfield20@opswise.net,2025-07-21 02:11:43
273,mellowpioneer98,mellowpioneer98@seeded.app,2025-01-03 17:16:21
274,keenharvest67,keenharvest67@opswise.net,2025-08-07 09:17:57
275,warmisland63,warmisland63@seeded.app,2025-08-27 18:15:44
276,clearisland70,clearisland70@seeded.app,2024-12-17 01:22:46
277,emberyard16,emberyard16@hackstack.io,2025-04-04 13:11:41
278,silverbeacon86,silverbeacon86@example.com,2024-12-14 11:14:01
279,cobaltgarden49,cobaltgarden49@hackstack.io,2025-06-07 00:58:47
280,livelyengine90,livelyengine90@opswise.net,2024-05-14 02:11:31
281,keennetwork56,keennetwork56@example.com,2024-10-02 20:24:36
282,vividwindow44,vividwindow44@relay.cloud,2025-02-26 06:35:17
283,briskbeacon81,briskbeacon81@acme.dev,2024-03-16 06:51:30
284,warmengine62,warmengine62@opswise.net,2024-06-07 22:42:56
285,forestvalley32,forestvalley32@hackstack.io,2024-07-03 18:00:14
286,cobaltorbit07,cobaltorbit07@opswise.net,2025-04-29 10:04:28
287,goldtrail44,goldtrail44@example.com,2024-05-16 09:27:49
288,proudorbit02,proudorbit02@example.com,2025-09-03 13:19:18
289,quietvalley48,quietvalley48@acme.dev,2025-07-31 05:23:05
290,urbanfield45,urbanfield45@acme.dev,2025-11-27 01:59:41
291,mellowengine77,mellowengine77@example.com,2026-01-22 04:24:29
292,livelymeadow24,livelymeadow24@opswise.net,2024-03-24 05:15:54
293,clearyard82,clearyard82@seeded.app,2024-01-01 09:32:40
294,navyquartz59,navyquartz59@acme.dev,2025-08-20 18:31:32
295,mellownetwork49,mellownetwork49@relay.cloud,2024-05-06 20:33:35
296,cleargarden36,cleargarden36@opswise.net,2025-03-27 15:38:15
297,quietengine28,quietengine28@opswise.net,2025-12-30 19:47:29
298,cobaltbeacon73,cobaltbeacon73@relay.cloud,2025-09-28 14:51:12
299,jadezenith84,jadezenith84@acme.dev,2025-01-20 05:37:52
300,rapidorbit38,rapidorbit38@acme.dev,2025-06-19 01:11:27
301,dawnsignal00,dawnsignal00@example.com,2025-01-23 06:59:27
302,forestlagoon53,forestlagoon53@relay.cloud,2024-09-05 16:57:46
303,goldcanyon16,goldcanyon16@seeded.app,2024-01-27 00:28:11
304,opalisland47,opalisland47@seeded.app,2024-09-10 07:53:17
305,forestbeacon83,forestbeacon83@opswise.net,2024-07-12 01:05:25
306,keenyard92,keenyard92@seeded.app,2024-03-27 21:23:14
307,harborwindow60,harborwindow60@relay.cloud,2024-06-05 22:18:17
308,forestfield52,forestfield52@relay.cloud,2025-03-11 00:47:47
309,forestyard60,forestyard60@relay.cloud,2024-01-29 17:54:06
310,navyjourney82,navyjourney82@opswise.net,2025-09-22 01:22:15
311,briskquartz43,briskquartz43@relay.cloud,2026-01-21 22:58:49
312,silverlagoon96,silverlagoon96@relay.cloud,2025-12-13 19:07:38
313,forestwindow34,forestwindow34@relay.cloud,2025-10-05 11:15:42
314,ivorygarden88,ivorygarden88@hackstack.io,2025-12-16 06:31:20
315,urbansignal84,urbansignal84@hackstack.io,2024-04-13 02:58:06
316,ivoryengine57,ivoryengine57@acme.dev,2024-07-01 20:40:08
317,dawnbeacon42,dawnbeacon42@acme.dev,2024-05-13 04:05:50
318,jadesignal56,jadesignal56@hackstack.io,2025-04-06 05:49:03
319,warmnetwork82,warmnetwork82@relay.cloud,2024-12-26 06:04:12
320,tidynetwork34,tidynetwork34@opswise.net,2025-01-31 17:53:06
321,briskfield69,briskfield69@seeded.app,2024-04-11 11:21:26
322,harboruplink59,harboruplink59@acme.dev,2024-10-27 22:11:28
323,dawngarden51,dawngarden51@acme.dev,2025-11-21 01:20:09
324,younguplink81,younguplink81@relay.cloud,2025-03-26 22:40:05
325,jadetrail59,jadetrail59@acme.dev,2025-06-17 08:17:19
326,livelyharvest07,livelyharvest07@hackstack.io,2024-12-25 15:18:38
327,amberengine06,amberengine06@hackstack.io,2024-07-16 17:40:48
328,proudbeacon20,proudbeacon20@hackstack.io,2024-03-14 14:40:25
329,livelyquartz50,livelyquartz50@relay.cloud,2024-02-18 20:46:29
330,dawnkernel63,dawnkernel63@relay.cloud,2025-03-30 08:57:09
331,silverorbit32,silverorbit32@example.com,2024-09-30 07:18:34
332,forestriver39,forestriver39@acme.dev,2024-10-05 20:43:12
333,navylagoon74,navylagoon74@acme.dev,2024-07-19 17:43:28
334,mellowkernel47,mellowkernel47@hackstack.io,2025-02-23 03:08:44
335,vividnetwork92,vividnetwork92@acme.dev,2024-03-06 19:18:27
336,jadesignal77,jadesignal77@opswise.net,2025-06-03 20:35:56
337,silverwindow82,silverwindow82@opswise.net,2025-12-19 08:29:12
338,quietwindow30,quietwindow30@example.com,2025-02-21 21:54:34
339,tidydelta35,tidydelta35@example.com,2024-09-23 22:46:29
340,quietengine95,quietengine95@acme.dev,2025-06-04 16:44:43
341,calmnetwork05,calmnetwork05@seeded.app,2025-05-24 02:24:29
342,rapidsignal84,rapidsignal84@opswise.net,2026-01-20 11:45:45
343,harborvalley88,harborvalley88@acme.dev,2025-11-10 12:38:41
344,navyyard16,navyyard16@seeded.app,2026-01-25 09:28:58
345,calmquartz91,calmquartz91@example.com,2024-04-06 12:50:58
346,keenriver66,keenriver66@relay.cloud,2025-04-02 15:10:22
347,rapidharvest90,rapidharvest90@acme.dev,2024-06-01 13:52:13
348,opalharvest48,opalharvest48@example.com,2024-02-21 04:35:02
349,vividnetwork93,vividnetwork93@opswise.net,2024-09-07 12:59:53
350,urbannetwork20,urbannetwork20@seeded.app,2024-02-21 05:21:45
351,urbanwindow91,urbanwindow91@opswise.net,2024-11-08 09:19:15
352,livelycanyon14,livelycanyon14@example.com,2024-10-27 14:04:21
353,briskpioneer84,briskpioneer84@opswise.net,2024-07-10 19:13:05
354,proudjourney51,proudjourney51@relay.cloud,2025-06-17 05:40:42
355,cobaltnetwork17,cobaltnetwork17@seeded.app,2025-10-28 15:56:50
356,tidyisland73,tidyisland73@seeded.app,2025-05-09 01:05:23
357,rapidanchor96,rapidanchor96@relay.cloud,2024-08-18 18:59:18
358,tidyharvest12,tidyharvest12@relay.cloud,2024-10-19 00:32:15
359,mellowcanyon99,mellowcanyon99@hackstack.io,2024-07-05 17:21:37
360,tidyvalley27,tidyvalley27@acme.dev,2025-01-08 14:32:43
361,tidynetwork53,tidynetwork53@seeded.app,2025-02-19 21:08:03
362,opalisland20,opalisland20@relay.cloud,2024-02-21 20:51:47
363,forestbeacon92,forestbeacon92@opswise.net,2024-11-14 10:32:11
364,navylagoon46,navylagoon46@example.com,2024-05-17 07:56:19
365,opalriver68,opalriver68@acme.dev,2025-01-03 09:04:21
366,jadedelta91,jadedelta91@example.com,2024-03-19 12:32:32
367,quietdelta63,quietdelta63@hackstack.io,2024-05-17 11:30:08
368,goldmeadow23,goldmeadow23@relay.cloud,2025-07-30 21:00:57
369,mellowfield89,mellowfield89@opswise.net,2025-01-24 20:24:06
370,goldisland94,goldisland94@opswise.net,2024-04-06 21:50:23
371,ambermeadow95,ambermeadow95@relay.cloud,2025-06-23 20:23:02
372,urbannetwork97,urbannetwork97@seeded.app,2024-05-29 00:46:35
373,forestwindow27,forestwindow27@seeded.app,2025-04-14 15:02:21
374,ambermeadow51,ambermeadow51@hackstack.io,2024-10-08 20:42:53
375,livelypioneer57,livelypioneer57@hackstack.io,2024-03-02 01:04:54
376,forestcanyon38,forestcanyon38@seeded.app,2024-01-07 02:38:56
377,keenriver55,keenriver55@seeded.app,2024-04-09 12:42:53
378,younggarden05,younggarden05@relay.cloud,2024-04-26 20:19:11
379,opalyard53,opalyard53@seeded.app,2024-12-06 13:55:55
380,livelypioneer51,livelypioneer51@seeded.app,2024-11-17 18:47:23
381,livelymeadow80,livelymeadow80@acme.dev,2025-06-10 03:53:50
382,goldmeadow71,goldmeadow71@hackstack.io,2025-11-22 07:35:07
383,silverharvest43,silverharvest43@hackstack.io,2024-07-12 18:21:06
384,calmriver27,calmriver27@opswise.net,2024-12-10 22:02:22
385,ivorywindow65,ivorywindow65@opswise.net,2025-01-01 10:27:07
386,warmdelta70,warmdelta70@example.com,2024-09-01 11:40:56
387,opalengine22,opalengine22@opswise.net,2024-12-30 07:38:01
388,cobalttrail47,cobalttrail47@seeded.app,2024-10-19 16:53:39
389,urbanvalley52,urbanvalley52@acme.dev,2024-02-14 22:07:30
390,emberisland83,emberisland83@seeded.app,2024-10-29 09:06:49
391,harbortrail16,harbortrail16@seeded.app,2024-12-06 04:21:07
392,urbanriver18,urbanriver18@opswise.net,2025-01-26 17:01:51
393,opalriver04,opalriver04@relay.cloud,2025-03-09 23:04:08
394,forestsignal94,forestsignal94@opswise.net,2024-10-10 15:47:28
395,opaldelta46,opaldelta46@relay.cloud,2025-03-08 11:50:43
396,melloworbit72,melloworbit72@hackstack.io,2025-04-14 14:33:44
397,ivoryvalley66,ivoryvalley66@hackstack.io,2024-02-09 23:08:03
398,briskjourney40,briskjourney40@acme.dev,2024-01-31 17:07:56
399,dawnzenith07,dawnzenith07@hackstack.io,2024-06-03 01:26:12
400,forestquartz67,forestquartz67@acme.dev,2024-07-26 03:09:14
